,seqn,age,income,waistcirc,bmi,albuminuria,uralbcr,uricacid,bloodglucose,hdl,triglycerides
mean,67030.67430237401,48.69179508538109,4005.2539404553413,98.30725388601036,28.702189473684214,0.1541024573094544,43.626130778842146,5.489046230737193,108.24781341107872,53.369429404414824,128.12536443148687
std,2823.5651135653884,17.632852014104973,2954.0321859065984,16.252634252470745,6.662242204699269,0.42277953809457136,258.2728288841367,1.4393577728551354,34.82065689010624,15.185537474275263,95.32247738008886
min,62161.0,20.0,300.0,56.2,13.4,0.0,1.4,1.8,39.0,14.0,26.0
25%,64591.0,34.0,1600.0,86.675,24.0,0.0,4.45,4.5,92.0,43.0,75.0
50%,67059.0,48.0,2500.0,97.0,27.7,0.0,7.07,5.4,99.0,51.0,103.0
75%,69495.0,63.0,6200.0,107.625,32.1,0.0,13.69,6.4,110.0,62.0,150.0
max,71915.0,80.0,9000.0,176.0,68.7,2.0,5928.0,11.3,382.0,156.0,1562.0
